{"count":1,"self":383.023616,"total":419.82015279999996,"children":{"InitializeActuators":{"count":1,"self":0.0015145999999999998,"total":0.0015145999999999998,"children":null},"InitializeSensors":{"count":1,"self":0.0015149,"total":0.0015149,"children":null},"AgentSendState":{"count":5002,"self":0.044815299999999995,"total":1.7579107999999999,"children":{"CollectObservations":{"count":5002,"self":1.6278031,"total":1.6278031,"children":null},"WriteActionMask":{"count":5002,"self":0.0065084,"total":0.0065084,"children":null},"RequestDecision":{"count":5002,"self":0.0211094,"total":0.078783999999999993,"children":{"AgentInfo.ToProto":{"count":5002,"self":0.0160515,"total":0.0576746,"children":{"GenerateSensorData":{"count":5002,"self":0.041623099999999996,"total":0.041623099999999996,"children":null}}}}}}},"DecideAction":{"count":5002,"self":29.3719936,"total":29.3719932,"children":null},"AgentAct":{"count":5002,"self":5.6239523999999994,"total":5.6239523,"children":null},"AgentInfo.ToProto":{"count":4021,"self":0.020073999999999998,"total":0.039654499999999995,"children":{"GenerateSensorData":{"count":4021,"self":0.0195805,"total":0.0195805,"children":null}}}},"gauges":{"EvoPlayer.CumulativeReward":{"count":4021,"max":-0.5,"min":-1,"runningAverage":-0.999875665,"value":-0.5,"weightedAverage":-0.875}},"metadata":{"timer_format_version":"0.1.0","start_time_seconds":"1725328679","unity_version":"2022.3.40f1","command_line_arguments":"C:\\Program Files\\Unity\\Hub\\Editor\\2022.3.40f1\\Editor\\Unity.exe -projectpath D:\\EvoTraining\\Evo Bot Training -useHub -hubIPC -cloudEnvironment production","communication_protocol_version":"1.5.0","com.unity.ml-agents_version":"3.0.0-exp.1","scene_name":"SampleScene","end_time_seconds":"1725329098"}}